{
    "nu": [
        908037109.375,
        952341796.875,
        996646484.375,
        1043458984.375,
        1092779296.875,
        1144607421.875,
        1317228515.625,
        1381177734.375,
        1448052734.375,
        1519943359.375,
        1593923828.125,
        1656201171.875
    ],
    "S": [
        0.001484057325754981,
        0.0014106936736169333,
        0.0011017307843785675,
        0.0009979876018166177,
        0.0010258657206604362,
        0.0010497158705607148,
        0.0008981883325942437,
        0.0008279924217274981,
        0.0008894601397435971,
        0.0008165821384341718,
        0.0009119274246963024,
        0.0008812038014871991
    ],
    "sigma": [
        0.00017309389350866325,
        0.0002237136225022899,
        0.0001089875050023123,
        7.160323104164438e-05,
        7.668127521736271e-05,
        7.57621801061733e-05,
        4.437874175564589e-05,
        3.511719220208377e-05,
        3.820341860248006e-05,
        4.467836662194307e-05,
        8.119787829289203e-05,
        5.1578044111188064e-05
    ],
    "nu0": 1000000000.0,
    "ra": 5.821331916918065,
    "dev": -25.60754065068975
}
