name, order, ra, dec, slopes_mean[0], slopes_mean[1],  slopes_sigma[0], slopes_sigma[1], change_point_mean, change_point_sigma, log_marginal_likelihood
Source_RA:5d49m16.79490091s_DEC:-25d36m27.14634248s, 1, 5.821331916918065, -25.60754065068975, -0.9998052950659964, 0.2151114022886211, 0.38035810061232633, 0.8849197506576295, 1.3776438971760563, 0.15601735376729903, 66.73931992842937
Source_RA:5d49m16.24038551s_DEC:-25d49m45.83445211s, 1, 5.821177884863191, -25.82939845892034, -1.2387359043179627, -0.9807230222220875, 0.16803069583185698, 0.8330420628636007, 1.3964376553340996, 0.19160462791192323, 71.70671425238362
