name, order, ra, dec, slopes_mean[0], slopes_mean[1],  slopes_sigma[0], slopes_sigma[1], change_point_mean, change_point_sigma, log_marginal_likelihood
Source_RA:5d49m16.79490091s_DEC:-25d36m27.14634248s, 1, 5.821331916918065, -25.60754065068975, -0.9960731909623745, 0.21863650219738695, 0.38043806821529713, 0.8685892176489598, 1.3681805161085852, 0.1530930014020638, 66.73931992842937
