name, order, ra, dec, slopes[0], slopes[1],  slopes_sigma[0], slopes_sigma[1], change_point, change_point_sigma, log_marginal_likelihood
Source_RA:5d49m16.79490091s_DEC:-25d36m27.14634248s, 1, 5.821331916918065, -25.60754065068975, -0.9938562316854147, 0.1753933763048519, 0.38620059163436665, 0.8616715022155168, [1.370065097002906], [0.1535730019055841], 66.73931992842937
Source_RA:5d49m16.24038551s_DEC:-25d49m45.83445211s, 1, 5.821177884863191, -25.82939845892034, -1.2420020877908773, -1.028546235604694, 0.15901662085689156, 0.9692556453647185, [1.401062808701106], [0.1854445240546661], 71.70671425238362
Source_RA:5d48m52.22509207s_DEC:-25d32m46.03540557s, 1, 5.814506970019605, -25.54612094599221, -1.409853824728765, 0.7828193454779789, 0.2633059580653698, 1.5347763416248075, [1.4634193345103308], [0.09904277537541917], 63.059161328153074
Source_RA:5d47m25.88109846s_DEC:-25d21m58.09715951s, 1, 5.7905225273494, -25.366138099865257, -0.775572011557793, -0.6599378327995281, 0.6745737850152345, 1.2058766472755664, [1.3120628511911754], [0.23319531535548055], 64.29363576978925
Source_RA:5d47m33.87489256s_DEC:-26d18m32.62173755s, 1, 5.792743025711797, -26.309061593764625, -0.262177817493184, 0.02094935147596948, 0.632767523130824, 1.4631263352599964, [1.3387553590939505], [0.2162077101026728], 57.89461735757818
Source_RA:5d47m12.00616014s_DEC:-26d02m16.59366821s, 1, 5.786668377817078, -26.037942685614848, -0.7671237054026608, 0.7609519476883996, 0.020671101862932573, 0.1035674298857522, [1.412809040501866], [0.010097139735364446], 53.103654731589565
Source_RA:5d46m50.96484888s_DEC:-25d35m31.86209918s, 1, 5.780823569133121, -25.592183916437964, 0.05772235817327125, 1.587366626699751, 0.05046196499700728, 0.9229615765166858, [1.550899545636875], [0.049261906732606664], 70.50619749479374
Source_RA:5d46m29.47434798s_DEC:-26d15m59.10905081s, 1, 5.774853985549202, -26.266419180779977, -0.35679333797846835, 1.8239154266457824, 0.07573786933612954, 0.35526598390969283, [1.4165419051855432], [0.023376555936195417], 59.48112063385247
